iot_collect_data	field	0
iot_collect_data	address	0
iot_collect_data	value	0
iot_collect_data	reason	0
iot_collect_detail	store_action	0
iot_collect_task	name	1
iot_collect_task	cron	1
iot_collect_task	status	0
iot_collect_task	remark	1
iot_collect_task	reason	1
iot_device	name	8
iot_device	lon	0
iot_device	lat	0
iot_device	ip	0
iot_device	address	2
iot_device	extend	0
iot_device	account	0
iot_device	password	0
iot_device	device_sn	0
iot_device_group	lat	0
iot_device_group	lon	0
iot_device_group	name	4
iot_device_group	path	0
iot_device_group	remark	2
iot_device_group	address	4
iot_event_source	cron	1
iot_event_source	name	1
iot_event_source	reason	0
iot_gateway	name	3
iot_gateway	host	0
iot_gateway	username	0
iot_gateway	password	0
iot_gateway	protocol_type	0
iot_gateway	remark	5
iot_gateway	reason	0
iot_model_api	code	0
iot_model_api	direct	0
iot_model_api	name	5
iot_model_api	remark	4
iot_model_api	func_type	0
iot_model_api_config	api_code	0
iot_model_api_config	attr_field	0
iot_model_api_config	data_type	0
iot_model_api_config	attr_name	8
iot_model_api_config	field_type	0
iot_model_api_config	value	0
iot_model_api_config	remark	16
iot_model_api_config	protocol_data_type	0
iot_model_api_config	protocol_attr_field	0
iot_model_api_config	protocol_attr_name	16
iot_model_attr	field	0
iot_model_attr	name	6
iot_model_attr	data_type	0
iot_model_attr	unit	2
iot_model_attr	remark	4
iot_model_attr	attr_type	0
iot_model_attr	real_type	0
iot_model_attr	default_value	0
iot_model_attr	resolver	0
iot_model_attr	script	0
iot_model_attr_dict	path	0
iot_model_attr_dict	dict_name	4
iot_model_attr_dict	dict_value	0
iot_point_group	name	1
iot_product	logo	0
iot_product	code	0
iot_product	name	0
iot_product	remark	0
iot_product	protocol_code	0
iot_product_bak_charsetfix_20260603	logo	0
iot_product_bak_charsetfix_20260603	code	0
iot_product_bak_charsetfix_20260603	name	9
iot_product_bak_charsetfix_20260603	remark	5
iot_product_bak_charsetfix_20260603	protocol_code	0
iot_product_type	path	0
iot_product_type	name	0
iot_product_type	alias	0
iot_product_type	image	0
iot_product_type	remark	0
iot_product_type_bak_charsetfix_20260603	path	0
iot_product_type_bak_charsetfix_20260603	name	9
iot_product_type_bak_charsetfix_20260603	alias	0
iot_product_type_bak_charsetfix_20260603	image	0
iot_product_type_bak_charsetfix_20260603	remark	11
iot_protocol	name	5
iot_protocol	code	0
iot_protocol	type	0
iot_protocol	impl_class	0
iot_protocol	impl_mode	0
iot_protocol	jar_path	0
iot_protocol	remark	4
iot_protocol	version	0
iot_protocol	ctrl_mode	0
iot_protocol	check_type	0
iot_protocol	decoder_type	0
iot_protocol_api	code	0
iot_protocol_api	protocol_code	0
iot_protocol_api	name	0
iot_protocol_api	remark	0
iot_protocol_api	func_type	0
iot_protocol_api_config	field_type	0
iot_protocol_api_config	protocol_api_code	0
iot_protocol_api_config	protocol_attr_field	0
iot_protocol_api_config	remark	0
iot_protocol_api_config	position	0
iot_protocol_api_config	direction	0
iot_protocol_attr	protocol_code	0
iot_protocol_attr	field	0
iot_protocol_attr	name	0
iot_protocol_attr	data_type	0
iot_protocol_attr	remark	0
iot_protocol_attr	attr_type	0
iot_serial	name	1
iot_serial	com	0
iot_serial	status	0
iot_signal	name	2
iot_signal	address	0
iot_signal	message	0
iot_signal	encode	0
iot_signal	field_name	0
iot_signal	direct	0
oauth2_app	client_id	0
oauth2_app	client_secret	0
oauth2_app	contract_scope	0
oauth2_app	allow_url	0
oauth2_app	client_name	0
oauth2_client_user	type	0
oauth2_client_user	user_type	0
oauth2_client_user	openid	0
oauth2_client_user	nickname	0
oauth2_client_user	avatar_url	0
oauth2_user	login_id	0
oauth2_user	client_id	0
oauth2_user	openid	0
qrtz_job_task	name	0
qrtz_job_task	cron	0
qrtz_job_task	status	0
qrtz_job_task	remark	0
qrtz_job_task	params	0
qrtz_job_task	method	0
qrtz_job_task	job_name	0
sys_access_log	url	0
sys_access_log	ip	0
sys_access_log	msn	0
sys_access_log	title	447
sys_access_log	type	0
sys_access_log	params	0
sys_access_log	method	0
sys_access_log	user_name	448
sys_access_log	err_msg	447
sys_admin	account	0
sys_admin	name	2
sys_admin	email	0
sys_admin	phone	0
sys_admin	avatar	0
sys_admin	password	0
sys_admin	login_ip	0
sys_admin	remark	1
sys_admin	create_by	0
sys_admin	update_by	0
sys_captcha	code	0
sys_captcha	captcha	0
sys_config	name	3
sys_config	label	0
sys_config	value	1
sys_config	remark	3
sys_dict_data	label	20
sys_dict_data	value	0
sys_dict_data	type	0
sys_dict_data	remark	7
sys_dict_data	create_by	0
sys_dict_data	update_by	0
sys_dict_type	type	0
sys_dict_type	name	6
sys_dict_type	remark	5
sys_dict_type	create_by	0
sys_dict_type	update_by	0
sys_menu	name	0
sys_menu	url	0
sys_menu	msn	0
sys_menu	perms	0
sys_menu	icon	0
sys_menu	remark	0
sys_menu	target	0
sys_menu_bak_charsetfix_20260603	name	173
sys_menu_bak_charsetfix_20260603	url	0
sys_menu_bak_charsetfix_20260603	msn	0
sys_menu_bak_charsetfix_20260603	perms	0
sys_menu_bak_charsetfix_20260603	icon	0
sys_menu_bak_charsetfix_20260603	remark	1
sys_menu_bak_charsetfix_20260603	target	0
sys_message_source	type	0
sys_message_source	name	2
sys_message_source	channel	0
sys_message_template	type	0
sys_message_template	template_id	0
sys_message_template	template_name	0
sys_message_template	template_title	0
sys_message_template	content	0
sys_message_template	remark	0
sys_notify	title	0
sys_notify	content	0
sys_notify	type	0
sys_online_user	session_id	0
sys_online_user	account	0
sys_online_user	user_nick	941
sys_online_user	access_ip	0
sys_online_user	browse	0
sys_online_user	os	0
sys_online_user	location	0
sys_org	name	4
sys_org	leader	0
sys_org	phone	0
sys_org	path	0
sys_org	create_by	0
sys_org	update_by	0
sys_post	name	2
sys_post	remark	1
sys_region	code	0
sys_region	name	2458
sys_region	first_letter	0
sys_role	name	3
sys_role	scope	0
sys_role	remark	0
sys_role	create_by	0
sys_role	update_by	0
vip_user	email	0
vip_user	phone	0
vip_user	identity	0
vip_user	account	0
vip_user	password	0
vip_user	nick_name	0
vip_user	real_name	0
vip_user	wechat_id	0
